,Date,Open,Time
0,11/13/2017,56.81,1510531200.0
1,11/14/2017,56.47,1510617600.0
2,11/15/2017,56.82,1510704000.0
3,11/16/2017,56.92,1510790400.0
4,11/17/2017,57.24,1510876800.0
5,11/20/2017,56.67,1511136000.0
6,11/21/2017,56.96,1511222400.0
7,11/22/2017,57.07,1511308800.0
8,11/24/2017,57.19,1511481600.0
9,11/27/2017,56.83,1511740800.0
10,11/28/2017,56.03,1511827200.0
11,11/29/2017,56.71,1511913600.0
12,11/30/2017,57.64,1512000000.0
13,12/01/2017,57.5,1512086400.0
14,12/04/2017,57.54,1512345600.0
15,12/05/2017,59.25,1512432000.0
16,12/06/2017,59.38,1512518400.0
17,12/07/2017,59.12,1512604800.0
18,12/08/2017,58.52,1512691200.0
19,12/11/2017,58.39,1512950400.0
20,12/12/2017,58.99,1513036800.0
21,12/13/2017,59.44,1513123200.0
22,12/14/2017,59.73,1513209600.0
23,12/15/2017,59.25,1513296000.0
24,12/18/2017,58.44,1513555200.0
25,12/19/2017,58.13,1513641600.0
26,12/20/2017,58.22,1513728000.0
27,12/21/2017,57.94,1513814400.0
28,12/22/2017,57.57,1513900800.0
29,12/26/2017,57.27,1514246400.0
30,12/27/2017,57.19,1514332800.0
31,12/28/2017,57.47,1514419200.0
32,12/29/2017,57.74,1514505600.0
33,01/02/2018,57.95,1514851200.0
34,01/03/2018,57.93,1514937600.0
35,01/04/2018,58.99,1515024000.0
36,01/05/2018,59.25,1515110400.0
37,01/08/2018,59.48,1515369600.0
38,01/09/2018,59.2,1515456000.0
39,01/10/2018,59.24,1515542400.0
40,01/11/2018,59.76,1515628800.0
41,01/12/2018,60.4,1515715200.0
42,01/16/2018,60.33,1516060800.0
43,01/17/2018,61.0,1516147200.0
44,01/18/2018,61.43,1516233600.0
45,01/19/2018,61.21,1516320000.0
46,01/22/2018,61.04,1516579200.0
47,01/23/2018,61.32,1516665600.0
48,01/24/2018,61.51,1516752000.0
49,01/25/2018,61.03,1516838400.0
50,01/26/2018,57.94,1516924800.0
51,01/29/2018,57.55,1517184000.0
52,01/30/2018,56.96,1517270400.0
53,01/31/2018,57.23,1517356800.0
54,02/01/2018,56.28,1517443200.0
55,02/02/2018,55.9,1517529600.0
56,02/05/2018,55.53,1517788800.0
57,02/06/2018,53.685,1517875200.0
58,02/07/2018,55.08,1517961600.0
59,02/08/2018,54.5,1518048000.0
60,02/09/2018,54.2,1518134400.0
61,02/12/2018,54.86,1518393600.0
62,02/13/2018,55.25,1518480000.0
63,02/14/2018,55.47,1518566400.0
64,02/15/2018,56.36,1518652800.0
65,02/16/2018,56.65,1518739200.0
66,02/20/2018,56.29,1519084800.0
67,02/21/2018,55.93,1519171200.0
68,02/22/2018,55.95,1519257600.0
69,02/23/2018,55.65,1519344000.0
70,02/26/2018,56.42,1519603200.0
71,02/27/2018,57.29,1519689600.0
72,02/28/2018,56.84,1519776000.0
73,03/01/2018,57.0,1519862400.0
74,03/02/2018,55.72,1519948800.0
75,03/05/2018,56.83,1520208000.0
76,03/06/2018,57.25,1520294400.0
77,03/07/2018,56.62,1520380800.0
78,03/08/2018,57.29,1520467200.0
79,03/09/2018,57.67,1520553600.0
80,03/12/2018,58.67,1520812800.0
81,03/13/2018,59.7,1520899200.0
82,03/14/2018,59.28,1520985600.0
83,03/15/2018,58.93,1521072000.0
84,03/16/2018,59.38,1521158400.0
85,03/19/2018,58.7,1521417600.0
86,03/20/2018,58.45,1521504000.0
87,03/21/2018,58.75,1521590400.0
88,03/22/2018,58.03,1521676800.0
89,03/23/2018,57.78,1521763200.0
90,03/26/2018,56.96,1522022400.0
91,03/27/2018,58.1,1522108800.0
92,03/28/2018,57.5,1522195200.0
93,03/29/2018,57.26,1522281600.0
94,04/02/2018,57.52,1522627200.0
95,04/03/2018,56.55,1522713600.0
96,04/04/2018,57.25,1522800000.0
97,04/05/2018,59.0,1522886400.0
98,04/06/2018,58.78,1522972800.0
99,04/09/2018,58.54,1523232000.0
100,04/10/2018,59.11,1523318400.0
101,04/11/2018,59.19,1523404800.0
102,04/12/2018,59.66,1523491200.0
103,04/13/2018,59.0,1523577600.0
104,04/16/2018,59.13,1523836800.0
105,04/17/2018,59.75,1523923200.0
106,04/18/2018,59.73,1524009600.0
107,04/19/2018,59.42,1524096000.0
108,04/20/2018,59.03,1524182400.0
109,04/23/2018,58.01,1524441600.0
110,04/24/2018,58.48,1524528000.0
111,04/25/2018,58.27,1524614400.0
112,04/26/2018,58.11,1524700800.0
113,04/27/2018,58.07,1524787200.0
114,04/30/2018,58.39,1525046400.0
115,05/01/2018,57.67,1525132800.0
116,05/02/2018,58.06,1525219200.0
117,05/03/2018,56.52,1525305600.0
118,05/04/2018,56.54,1525392000.0
119,05/07/2018,58.99,1525651200.0
120,05/08/2018,57.45,1525737600.0
121,05/09/2018,57.43,1525824000.0
122,05/10/2018,57.18,1525910400.0
123,05/11/2018,57.72,1525996800.0
124,05/14/2018,57.36,1526256000.0
125,05/15/2018,57.0,1526342400.0
126,05/16/2018,56.83,1526428800.0
127,05/17/2018,57.2,1526515200.0
128,05/18/2018,57.27,1526601600.0
129,05/21/2018,57.4,1526860800.0
130,05/22/2018,57.5,1526947200.0
131,05/23/2018,56.8,1527033600.0
132,05/24/2018,57.44,1527120000.0
133,05/25/2018,57.68,1527206400.0
134,05/29/2018,57.7,1527552000.0
135,05/30/2018,57.43,1527638400.0
136,05/31/2018,57.18,1527724800.0
137,06/01/2018,56.84,1527811200.0
138,06/04/2018,57.1,1528070400.0
139,06/05/2018,56.69,1528156800.0
140,06/06/2018,55.835,1528243200.0
141,06/07/2018,57.29,1528329600.0
142,06/08/2018,56.92,1528416000.0
143,06/11/2018,56.61,1528675200.0
144,06/12/2018,56.6,1528761600.0
145,06/13/2018,56.51,1528848000.0
146,06/14/2018,56.46,1528934400.0
147,06/15/2018,57.04,1529020800.0
148,06/18/2018,56.77,1529280000.0
149,06/19/2018,56.65,1529366400.0
150,06/20/2018,54.83,1529452800.0
151,06/21/2018,52.29,1529539200.0
152,06/22/2018,51.0,1529625600.0
153,06/25/2018,51.16,1529884800.0
154,06/26/2018,50.51,1529971200.0
155,06/27/2018,50.52,1530057600.0
156,06/28/2018,49.45,1530144000.0
157,06/29/2018,48.08,1530230400.0
158,07/02/2018,48.64,1530489600.0
159,07/03/2018,49.15,1530576000.0
160,07/05/2018,48.92,1530748800.0
161,07/06/2018,48.9,1530835200.0
162,07/09/2018,49.21,1531094400.0
163,07/10/2018,50.08,1531180800.0
164,07/11/2018,50.22,1531267200.0
165,07/12/2018,50.36,1531353600.0
166,07/13/2018,50.26,1531440000.0
167,07/16/2018,51.55,1531699200.0
168,07/17/2018,50.66,1531785600.0
169,07/18/2018,51.34,1531872000.0
170,07/19/2018,51.11,1531958400.0
171,07/20/2018,51.06,1532044800.0
172,07/23/2018,50.76,1532304000.0
173,07/24/2018,51.3,1532390400.0
174,07/25/2018,51.01,1532476800.0
175,07/26/2018,51.68,1532563200.0
176,07/27/2018,51.4999,1532649600.0
177,07/30/2018,52.2,1532908800.0
178,07/31/2018,52.03,1532995200.0
179,08/01/2018,52.24,1533081600.0
180,08/02/2018,52.1,1533168000.0
181,08/03/2018,51.7,1533254400.0
182,08/06/2018,52.1,1533513600.0
183,08/07/2018,52.08,1533600000.0
184,08/08/2018,51.83,1533686400.0
185,08/09/2018,51.53,1533772800.0
186,08/10/2018,51.59,1533859200.0
187,08/13/2018,51.62,1534118400.0
188,08/14/2018,51.85,1534204800.0
189,08/15/2018,52.31,1534291200.0
190,08/16/2018,52.98,1534377600.0
191,08/17/2018,52.95,1534464000.0
192,08/20/2018,53.71,1534723200.0
193,08/21/2018,54.17,1534809600.0
194,08/22/2018,53.55,1534896000.0
195,08/23/2018,52.76,1534982400.0
196,08/24/2018,52.82,1535068800.0
197,08/27/2018,52.99,1535328000.0
198,08/28/2018,53.02,1535414400.0
199,08/29/2018,53.07,1535500800.0
200,08/30/2018,53.12,1535587200.0
201,08/31/2018,52.46,1535673600.0
202,09/04/2018,53.44,1536019200.0
203,09/05/2018,53.47,1536105600.0
204,09/06/2018,53.66,1536192000.0
205,09/07/2018,54.2,1536278400.0
206,09/10/2018,54.94,1536537600.0
207,09/11/2018,54.83,1536624000.0
208,09/12/2018,55.2,1536710400.0
209,09/13/2018,55.12,1536796800.0
210,09/14/2018,55.0,1536883200.0
211,09/17/2018,54.7,1537142400.0
212,09/18/2018,54.48,1537228800.0
213,09/19/2018,55.22,1537315200.0
214,09/20/2018,55.6,1537401600.0
215,09/21/2018,56.55,1537488000.0
216,09/24/2018,56.94,1537747200.0
217,09/25/2018,56.98,1537833600.0
218,09/26/2018,56.77,1537920000.0
219,09/27/2018,57.1,1538006400.0
220,09/28/2018,57.39,1538092800.0
221,10/01/2018,56.91,1538352000.0
222,10/02/2018,55.55,1538438400.0
223,10/03/2018,55.8,1538524800.0
224,10/04/2018,55.78,1538611200.0
225,10/05/2018,55.95,1538697600.0
226,10/08/2018,55.82,1538956800.0
227,10/09/2018,56.83,1539043200.0
228,10/10/2018,57.67,1539129600.0
229,10/11/2018,55.7,1539216000.0
230,10/12/2018,55.71,1539302400.0
231,10/15/2018,56.37,1539561600.0
232,10/16/2018,56.94,1539648000.0
233,10/17/2018,57.9,1539734400.0
234,10/18/2018,59.0,1539820800.0
235,10/19/2018,58.39,1539907200.0
236,10/22/2018,58.93,1540166400.0
237,10/23/2018,58.36,1540252800.0
238,10/24/2018,58.57,1540339200.0
239,10/25/2018,58.29,1540425600.0
240,10/26/2018,58.04,1540512000.0
241,10/29/2018,58.68,1540771200.0
242,10/30/2018,58.43,1540857600.0
243,10/31/2018,58.98,1540944000.0
244,11/01/2018,58.3,1541030400.0
245,11/02/2018,61.99,1541116800.0
246,11/05/2018,63.93,1541376000.0
247,11/06/2018,64.3,1541462400.0
248,11/07/2018,66.29,1541548800.0
249,11/08/2018,67.775,1541635200.0
250,11/09/2018,68.49,1541721600.0
251,11/12/2018,68.44,1541980800.0
252,11/13/2018,67.94,1542067200.0
253,11/14/2018,67.3,1542153600.0
254,11/15/2018,66.71,1542240000.0
255,11/16/2018,67.3,1542326400.0
256,11/19/2018,68.1,1542585600.0
257,11/20/2018,67.39,1542672000.0
258,11/21/2018,67.47,1542758400.0
259,11/23/2018,66.24,1542931200.0
260,11/26/2018,65.98,1543190400.0
261,11/27/2018,65.46,1543276800.0
262,11/28/2018,66.18,1543363200.0
263,11/29/2018,66.68,1543449600.0
264,11/30/2018,66.86,1543536000.0
265,12/03/2018,67.37,1543795200.0
266,12/04/2018,67.47,1543881600.0
267,12/06/2018,66.13,1544054400.0
268,12/07/2018,66.17,1544140800.0
269,12/10/2018,65.47,1544400000.0
270,12/11/2018,66.22,1544486400.0
271,12/12/2018,66.0,1544572800.0
272,12/13/2018,66.29,1544659200.0
273,12/14/2018,64.44,1544745600.0
274,12/17/2018,65.0,1545004800.0
275,12/18/2018,64.77,1545091200.0
276,12/19/2018,65.16,1545177600.0
277,12/20/2018,63.61,1545264000.0
278,12/21/2018,62.31,1545350400.0
279,12/24/2018,61.48,1545609600.0
280,12/26/2018,60.95,1545782400.0
281,12/27/2018,62.62,1545868800.0
282,12/28/2018,63.31,1545955200.0
283,12/31/2018,63.77,1546214400.0
284,01/02/2019,63.68,1546387200.0
285,01/03/2019,63.46,1546473600.0
286,01/04/2019,62.4,1546560000.0
287,01/07/2019,63.35,1546819200.0
288,01/08/2019,63.94,1546905600.0
289,01/09/2019,63.65,1546992000.0
290,01/10/2019,63.61,1547078400.0
291,01/11/2019,62.29,1547164800.0
292,01/14/2019,63.35,1547424000.0
293,01/15/2019,63.58,1547510400.0
294,01/16/2019,64.2,1547596800.0
295,01/17/2019,63.68,1547683200.0
296,01/18/2019,64.81,1547769600.0
297,01/22/2019,64.9,1548115200.0
298,01/23/2019,65.88,1548201600.0
299,01/24/2019,66.61,1548288000.0
300,01/25/2019,67.03,1548374400.0
301,01/28/2019,66.19,1548633600.0
302,01/29/2019,67.0,1548720000.0
303,01/30/2019,67.11,1548806400.0
304,01/31/2019,68.18,1548892800.0
305,02/01/2019,68.59,1548979200.0
306,02/04/2019,68.03,1549238400.0
307,02/05/2019,67.76,1549324800.0
308,02/06/2019,69.23,1549411200.0
309,02/07/2019,68.6,1549497600.0
310,02/08/2019,68.77,1549584000.0
311,02/11/2019,70.0,1549843200.0
312,02/12/2019,70.24,1549929600.0
313,02/13/2019,69.81,1550016000.0
314,02/14/2019,70.13,1550102400.0
315,02/15/2019,71.15,1550188800.0
316,02/19/2019,70.46,1550534400.0
317,02/20/2019,70.23,1550620800.0
318,02/21/2019,70.14,1550707200.0
319,02/22/2019,70.76,1550793600.0
320,02/25/2019,71.9,1551052800.0
321,02/26/2019,71.0,1551139200.0
322,02/27/2019,70.83,1551225600.0
323,02/28/2019,70.14,1551312000.0
324,03/01/2019,70.63,1551398400.0
325,03/04/2019,70.99,1551657600.0
326,03/05/2019,71.19,1551744000.0
327,03/06/2019,71.81,1551830400.0
328,03/07/2019,71.2,1551916800.0
329,03/08/2019,70.15,1552003200.0
330,03/11/2019,69.38,1552262400.0
331,03/12/2019,69.74,1552348800.0
332,03/13/2019,70.09,1552435200.0
333,03/14/2019,70.19,1552521600.0
334,03/15/2019,70.8,1552608000.0
335,03/18/2019,70.78,1552867200.0
336,03/19/2019,70.95,1552953600.0
337,03/20/2019,71.8,1553040000.0
338,03/21/2019,71.32,1553126400.0
339,03/22/2019,72.05,1553212800.0
340,03/25/2019,72.0,1553472000.0
341,03/26/2019,72.72,1553558400.0
342,03/27/2019,72.94,1553644800.0
343,03/28/2019,72.97,1553731200.0
344,03/29/2019,74.01,1553817600.0
345,04/01/2019,74.76,1554076800.0
346,04/02/2019,74.01,1554163200.0
347,04/03/2019,74.56,1554249600.0
348,04/04/2019,74.5,1554336000.0
349,04/05/2019,74.35,1554422400.0
350,04/08/2019,74.47,1554681600.0
351,04/09/2019,74.87,1554768000.0
352,04/10/2019,75.21,1554854400.0
353,04/11/2019,75.75,1554940800.0
354,04/12/2019,76.1,1555027200.0
355,04/15/2019,76.67,1555286400.0
356,04/16/2019,76.48,1555372800.0
357,04/17/2019,75.61,1555459200.0
358,04/18/2019,75.48,1555545600.0
359,04/22/2019,75.71,1555891200.0
360,04/23/2019,75.48,1555977600.0
361,04/24/2019,76.05,1556064000.0
362,04/25/2019,76.11,1556150400.0
363,04/26/2019,76.95,1556236800.0
364,04/29/2019,77.3,1556496000.0
365,04/30/2019,77.0,1556582400.0
366,05/01/2019,77.67,1556668800.0
367,05/02/2019,77.66,1556755200.0
368,05/03/2019,77.59,1556841600.0
369,05/06/2019,77.2,1557100800.0
370,05/07/2019,77.57,1557187200.0
371,05/08/2019,77.58,1557273600.0
372,05/09/2019,77.58,1557360000.0
373,05/10/2019,77.63,1557446400.0
374,05/13/2019,77.25,1557705600.0
375,05/14/2019,76.75,1557792000.0
376,05/15/2019,76.69,1557878400.0
377,05/16/2019,77.66,1557964800.0
378,05/17/2019,78.52,1558051200.0
379,05/20/2019,78.3,1558310400.0
380,05/21/2019,77.05,1558396800.0
381,05/22/2019,77.2,1558483200.0
382,05/23/2019,76.88,1558569600.0
383,05/24/2019,76.83,1558656000.0
384,05/28/2019,76.36,1559001600.0
385,05/29/2019,75.33,1559088000.0
386,05/30/2019,75.65,1559174400.0
387,05/31/2019,75.6,1559260800.0
388,06/03/2019,76.12,1559520000.0
389,06/04/2019,76.77,1559606400.0
390,06/05/2019,78.79,1559692800.0
391,06/06/2019,80.03,1559779200.0
392,06/07/2019,81.6,1559865600.0
393,06/10/2019,82.85,1560124800.0
394,06/11/2019,82.3,1560211200.0
395,06/12/2019,82.59,1560297600.0
396,06/13/2019,83.33,1560384000.0
397,06/14/2019,83.54,1560470400.0
398,06/17/2019,84.65,1560729600.0
399,06/18/2019,83.55,1560816000.0
400,06/19/2019,83.08,1560902400.0
401,06/20/2019,84.41,1560988800.0
402,06/21/2019,84.43,1561075200.0
403,06/24/2019,84.08,1561334400.0
404,06/25/2019,84.2,1561420800.0
405,06/26/2019,84.3,1561507200.0
406,06/27/2019,83.55,1561593600.0
407,06/28/2019,83.56,1561680000.0
408,07/01/2019,84.62,1561939200.0
409,07/02/2019,84.74,1562025600.0
410,07/03/2019,86.04,1562112000.0
411,07/05/2019,87.5,1562284800.0
412,07/08/2019,87.6,1562544000.0
413,07/09/2019,87.29,1562630400.0
414,07/10/2019,87.42,1562716800.0
415,07/11/2019,88.66,1562803200.0
416,07/12/2019,89.28,1562889600.0
417,07/15/2019,89.87,1563148800.0
418,07/16/2019,90.22,1563235200.0
419,07/17/2019,90.08,1563321600.0
420,07/18/2019,90.33,1563408000.0
421,07/19/2019,91.41,1563494400.0
422,07/22/2019,90.52,1563753600.0
423,07/23/2019,91.25,1563840000.0
424,07/24/2019,89.9,1563926400.0
425,07/25/2019,91.49,1564012800.0
426,07/26/2019,96.4,1564099200.0
427,07/29/2019,98.05,1564358400.0
428,07/30/2019,97.5,1564444800.0
429,07/31/2019,96.65,1564531200.0
430,08/01/2019,95.0,1564617600.0
431,08/02/2019,95.0,1564704000.0
432,08/05/2019,94.51,1564963200.0
433,08/06/2019,94.31,1565049600.0
434,08/07/2019,94.6,1565136000.0
435,08/08/2019,95.23,1565222400.0
436,08/09/2019,96.15,1565308800.0
437,08/12/2019,95.78,1565568000.0
438,08/13/2019,94.52,1565654400.0
439,08/14/2019,95.91,1565740800.0
440,08/15/2019,95.5,1565827200.0
441,08/16/2019,96.29,1565913600.0
442,08/19/2019,97.23,1566172800.0
443,08/20/2019,96.35,1566259200.0
444,08/21/2019,96.27,1566345600.0
445,08/22/2019,96.59,1566432000.0
446,08/23/2019,96.41,1566518400.0
447,08/26/2019,95.38,1566777600.0
448,08/27/2019,96.7,1566864000.0
449,08/28/2019,96.23,1566950400.0
450,08/29/2019,97.85,1567036800.0
451,08/30/2019,98.14,1567123200.0
452,09/03/2019,96.42,1567468800.0
453,09/04/2019,94.48,1567555200.0
454,09/05/2019,96.54,1567641600.0
455,09/06/2019,95.75,1567728000.0
456,09/09/2019,95.8,1567987200.0
457,09/10/2019,93.81,1568073600.0
458,09/11/2019,90.18,1568160000.0
459,09/12/2019,92.16,1568246400.0
460,09/13/2019,92.145,1568332800.0
461,09/16/2019,90.02,1568592000.0
462,09/17/2019,89.67,1568678400.0
463,09/18/2019,90.98,1568764800.0
464,09/19/2019,90.99,1568851200.0
465,09/20/2019,91.61,1568937600.0
466,09/23/2019,90.32,1569196800.0
467,09/24/2019,91.6,1569283200.0
468,09/25/2019,89.94,1569369600.0
469,09/26/2019,90.84,1569456000.0
470,09/27/2019,90.3,1569542400.0
471,09/30/2019,88.41,1569801600.0
472,10/01/2019,88.63,1569888000.0
473,10/02/2019,85.95,1569974400.0
474,10/03/2019,84.3,1570060800.0
475,10/04/2019,84.9,1570147200.0
476,10/07/2019,85.71,1570406400.0
477,10/08/2019,85.49,1570492800.0
478,10/09/2019,85.37,1570579200.0
479,10/10/2019,85.91,1570665600.0
480,10/11/2019,87.02,1570752000.0
481,10/14/2019,86.5,1571011200.0
482,10/15/2019,87.0,1571097600.0
483,10/16/2019,86.53,1571184000.0
484,10/17/2019,86.88,1571270400.0
485,10/18/2019,86.35,1571356800.0
486,10/21/2019,86.0,1571616000.0
487,10/22/2019,85.23,1571702400.0
488,10/23/2019,84.31,1571788800.0
489,10/24/2019,82.8,1571875200.0
490,10/25/2019,83.21,1571961600.0
491,10/28/2019,84.47,1572220800.0
492,10/29/2019,83.81,1572307200.0
493,10/30/2019,84.61,1572393600.0
494,10/31/2019,86.71,1572480000.0
495,11/01/2019,84.79,1572566400.0
496,11/04/2019,83.3,1572825600.0
497,11/05/2019,82.34,1572912000.0
498,11/06/2019,82.08,1572998400.0
499,11/07/2019,83.06,1573084800.0
500,11/08/2019,82.19,1573171200.0
501,11/11/2019,81.75,1573430400.0
502,11/12/2019,82.69,1573516800.0
503,11/13/2019,83.29,1573603200.0
504,11/14/2019,84.1,1573689600.0
505,11/15/2019,84.68,1573776000.0
506,11/18/2019,83.92,1574035200.0
507,11/19/2019,84.06,1574121600.0
508,11/20/2019,83.54,1574208000.0
509,11/21/2019,83.75,1574294400.0
510,11/22/2019,82.69,1574380800.0
511,11/25/2019,83.16,1574640000.0
512,11/26/2019,84.13,1574726400.0
513,11/27/2019,84.85,1574812800.0
514,11/29/2019,85.91,1574985600.0
515,12/02/2019,85.38,1575244800.0
516,12/03/2019,84.03,1575331200.0
517,12/04/2019,85.13,1575417600.0
518,12/05/2019,85.44,1575504000.0
519,12/06/2019,85.03,1575590400.0
520,12/09/2019,86.31,1575849600.0
521,12/10/2019,86.5,1575936000.0
522,12/11/2019,86.26,1576022400.0
523,12/12/2019,88.0,1576108800.0
524,12/13/2019,88.02,1576195200.0
525,12/16/2019,89.14,1576454400.0
526,12/17/2019,88.87,1576540800.0
527,12/18/2019,88.39,1576627200.0
528,12/19/2019,87.83,1576713600.0
529,12/20/2019,88.785,1576800000.0
530,12/23/2019,88.62,1577059200.0
531,12/24/2019,88.2,1577145600.0
532,12/26/2019,88.73,1577318400.0
533,12/27/2019,88.11,1577404800.0
534,12/30/2019,88.01,1577664000.0
535,12/31/2019,87.44,1577750400.0
536,01/02/2020,88.12,1577923200.0
537,01/03/2020,88.66,1578009600.0
538,01/06/2020,88.11,1578268800.0
539,01/07/2020,87.96,1578355200.0
540,01/08/2020,87.94,1578441600.0
541,01/09/2020,90.25,1578528000.0
542,01/10/2020,90.8,1578614400.0
543,01/13/2020,90.62,1578873600.0
544,01/14/2020,91.19,1578960000.0
545,01/15/2020,91.0,1579046400.0
546,01/16/2020,91.99,1579132800.0
547,01/17/2020,92.93,1579219200.0
548,01/21/2020,92.83,1579564800.0
549,01/22/2020,93.14,1579651200.0
550,01/23/2020,91.92,1579737600.0
551,01/24/2020,94.0,1579824000.0
552,01/27/2020,88.63,1580083200.0
553,01/28/2020,89.05,1580169600.0
554,01/29/2020,88.15,1580256000.0
555,01/30/2020,85.45,1580342400.0
556,01/31/2020,85.79,1580428800.0
557,02/03/2020,85.07,1580688000.0
558,02/04/2020,87.14,1580774400.0
559,02/05/2020,88.88,1580860800.0
560,02/06/2020,87.65,1580947200.0
561,02/07/2020,85.76,1581033600.0
562,02/10/2020,86.43,1581292800.0
563,02/11/2020,87.86,1581379200.0
564,02/12/2020,87.71,1581465600.0
565,02/13/2020,88.5,1581552000.0
566,02/14/2020,90.18,1581638400.0
567,02/18/2020,89.37,1581984000.0
568,02/19/2020,89.49,1582070400.0
569,02/20/2020,89.73,1582156800.0
570,02/21/2020,88.0,1582243200.0
571,02/24/2020,84.53,1582502400.0
572,02/25/2020,85.02,1582588800.0
573,02/26/2020,82.6,1582675200.0
574,02/27/2020,78.83,1582761600.0
575,02/28/2020,76.17,1582848000.0
576,03/02/2020,77.92,1583107200.0
577,03/03/2020,82.3,1583193600.0
578,03/04/2020,79.29,1583280000.0
579,03/05/2020,77.9,1583366400.0
580,03/06/2020,73.46,1583452800.0
581,03/09/2020,70.58,1583712000.0
582,03/10/2020,72.56,1583798400.0
583,03/11/2020,72.83,1583884800.0
584,03/12/2020,62.954,1583971200.0
585,03/13/2020,65.65,1584057600.0
586,03/16/2020,60.63,1584316800.0
587,03/17/2020,59.55,1584403200.0
588,03/18/2020,55.55,1584489600.0
589,03/19/2020,56.23,1584576000.0
590,03/20/2020,62.3,1584662400.0
591,03/23/2020,57.23,1584921600.0
592,03/24/2020,62.61,1585008000.0
593,03/25/2020,66.83,1585094400.0
594,03/26/2020,66.71,1585180800.0
595,03/27/2020,66.68,1585267200.0
596,03/30/2020,66.56,1585526400.0
597,03/31/2020,67.18,1585612800.0
598,04/01/2020,63.0,1585699200.0
599,04/02/2020,65.75,1585785600.0
600,04/03/2020,64.47,1585872000.0
601,04/06/2020,66.27,1586131200.0
602,04/07/2020,71.568,1586217600.0
603,04/08/2020,69.58,1586304000.0
604,04/09/2020,71.2,1586390400.0
605,04/13/2020,73.52,1586736000.0
606,04/14/2020,73.69,1586822400.0
607,04/15/2020,72.01,1586908800.0
608,04/16/2020,73.11,1586995200.0
609,04/17/2020,76.62,1587081600.0
610,04/20/2020,76.02,1587340800.0
611,04/21/2020,73.4,1587427200.0
612,04/22/2020,74.55,1587513600.0
613,04/23/2020,77.33,1587600000.0
614,04/24/2020,75.75,1587686400.0
615,04/27/2020,76.68,1587945600.0
616,04/28/2020,78.67,1588032000.0
617,04/29/2020,78.18,1588118400.0
618,04/30/2020,76.83,1588204800.0
619,05/01/2020,74.9,1588291200.0
620,05/04/2020,72.58,1588550400.0
621,05/05/2020,74.96,1588636800.0
622,05/06/2020,73.767,1588723200.0
623,05/07/2020,73.81,1588809600.0
624,05/08/2020,77.25,1588896000.0
625,05/11/2020,76.62,1589155200.0
626,05/12/2020,76.0,1589241600.0
627,05/13/2020,74.46,1589328000.0
628,05/14/2020,72.32,1589414400.0
629,05/15/2020,72.81,1589500800.0
630,05/18/2020,76.86,1589760000.0
631,05/19/2020,76.4,1589846400.0
632,05/20/2020,77.23,1589932800.0
633,05/21/2020,78.6,1590019200.0
634,05/22/2020,77.9,1590105600.0
635,05/26/2020,79.6,1590451200.0
636,05/27/2020,78.98,1590537600.0
637,05/28/2020,78.64,1590624000.0
638,05/29/2020,78.62,1590710400.0
639,06/01/2020,77.66,1590969600.0
640,06/02/2020,77.97,1591056000.0
641,06/03/2020,78.45,1591142400.0
642,06/04/2020,79.31,1591228800.0
643,06/05/2020,80.33,1591315200.0
644,06/08/2020,83.08,1591574400.0
645,06/09/2020,82.62,1591660800.0
646,06/10/2020,79.88,1591747200.0
647,06/11/2020,75.75,1591833600.0
648,06/12/2020,75.0,1591920000.0
649,06/15/2020,74.3,1592179200.0
650,06/16/2020,78.79,1592265600.0
651,06/17/2020,78.07,1592352000.0
652,06/18/2020,76.72,1592438400.0
653,06/19/2020,77.03,1592524800.0
654,06/22/2020,74.9,1592784000.0
655,06/23/2020,76.33,1592870400.0
656,06/24/2020,74.9,1592956800.0
657,06/25/2020,73.216,1593043200.0
658,06/26/2020,73.63,1593129600.0
659,06/29/2020,71.409,1593388800.0
660,06/30/2020,73.58,1593475200.0
661,07/01/2020,74.0,1593561600.0
662,07/02/2020,75.04,1593648000.0
663,07/06/2020,74.93,1593993600.0
664,07/07/2020,75.13,1594080000.0
665,07/08/2020,74.07,1594166400.0
666,07/09/2020,73.73,1594252800.0
667,07/10/2020,73.0,1594339200.0
668,07/13/2020,74.56,1594598400.0
669,07/14/2020,72.0,1594684800.0
670,07/15/2020,74.46,1594771200.0
671,07/16/2020,74.9,1594857600.0
672,07/17/2020,74.43,1594944000.0
673,07/20/2020,74.16,1595203200.0
674,07/21/2020,75.78,1595289600.0
675,07/22/2020,75.52,1595376000.0
676,07/23/2020,76.88,1595462400.0
677,07/24/2020,75.28,1595548800.0
678,07/27/2020,75.886,1595808000.0
679,07/28/2020,76.3,1595894400.0
680,07/29/2020,77.56,1595980800.0
681,07/30/2020,76.63,1596067200.0
682,07/31/2020,76.24,1596153600.0
683,08/03/2020,76.48,1596412800.0
684,08/04/2020,75.37,1596499200.0
685,08/05/2020,75.35,1596585600.0
686,08/06/2020,75.2,1596672000.0
687,08/07/2020,75.48,1596758400.0
688,08/10/2020,75.818,1597017600.0
689,08/11/2020,78.27,1597104000.0
690,08/12/2020,79.59,1597190400.0
691,08/13/2020,78.92,1597276800.0
692,08/14/2020,78.54,1597363200.0
693,08/17/2020,78.6,1597622400.0
694,08/18/2020,79.15,1597708800.0
695,08/19/2020,79.183,1597795200.0
696,08/20/2020,77.03,1597881600.0
697,08/21/2020,76.94,1597968000.0
698,08/24/2020,77.71,1598227200.0
699,08/25/2020,80.06,1598313600.0
700,08/26/2020,82.42,1598400000.0
701,08/27/2020,82.75,1598486400.0
702,08/28/2020,83.79,1598572800.0
703,08/31/2020,84.632,1598832000.0
704,09/01/2020,84.7,1598918400.0
705,09/02/2020,86.505,1599004800.0
706,09/03/2020,88.602,1599091200.0
707,09/04/2020,87.095,1599177600.0
708,09/08/2020,85.27,1599523200.0
709,09/09/2020,85.934,1599609600.0
710,09/10/2020,85.8,1599696000.0
711,09/11/2020,84.95,1599782400.0
712,09/14/2020,85.752,1600041600.0
713,09/15/2020,87.18,1600128000.0
714,09/16/2020,88.0,1600214400.0
715,09/17/2020,87.05,1600300800.0
716,09/18/2020,86.81,1600387200.0
717,09/21/2020,82.86,1600646400.0
718,09/22/2020,84.05,1600732800.0
719,09/23/2020,84.38,1600819200.0
720,09/24/2020,82.63,1600905600.0
721,09/25/2020,82.53,1600992000.0
722,09/28/2020,85.52,1601251200.0
723,09/29/2020,86.25,1601337600.0
724,09/30/2020,86.63,1601424000.0
725,10/01/2020,87.04,1601510400.0
726,10/02/2020,85.15,1601596800.0
727,10/05/2020,87.27,1601856000.0
728,10/06/2020,88.65,1601942400.0
729,10/07/2020,87.82,1602028800.0
730,10/08/2020,88.46,1602115200.0
731,10/09/2020,89.8,1602201600.0
732,10/12/2020,90.4595,1602460800.0
733,10/13/2020,90.58,1602547200.0
734,10/14/2020,90.17,1602633600.0
735,10/15/2020,88.16,1602720000.0
736,10/16/2020,89.39,1602806400.0
737,10/19/2020,88.7,1603065600.0
738,10/20/2020,88.68,1603152000.0
739,10/21/2020,88.38,1603238400.0
740,10/22/2020,88.02,1603324800.0
741,10/23/2020,89.8,1603411200.0
742,10/26/2020,90.03,1603670400.0
743,10/27/2020,89.48,1603756800.0
744,10/28/2020,88.65,1603843200.0
745,10/29/2020,87.17,1603929600.0
746,10/30/2020,87.75,1604016000.0
747,11/02/2020,87.54,1604275200.0
748,11/03/2020,86.778,1604361600.0
749,11/04/2020,88.9,1604448000.0
750,11/05/2020,90.69,1604534400.0
751,11/06/2020,90.15,1604620800.0
752,11/09/2020,97.32,1604880000.0
753,11/10/2020,93.74,1604966400.0
754,11/11/2020,94.11,1605052800.0
755,11/12/2020,94.66,1605139200.0
756,11/13/2020,94.38,1605225600.0
757,11/16/2020,96.79,1605484800.0
758,11/17/2020,97.21,1605571200.0
759,11/18/2020,98.63,1605657600.0
760,11/19/2020,97.24,1605744000.0
761,11/20/2020,97.42,1605830400.0
762,11/23/2020,97.62,1606089600.0
763,11/24/2020,97.51,1606176000.0
764,11/25/2020,98.5,1606262400.0
765,11/27/2020,98.48,1606435200.0
766,11/30/2020,98.2,1606694400.0
767,12/01/2020,99.0,1606780800.0
768,12/02/2020,98.51,1606867200.0
769,12/03/2020,99.02,1606953600.0
770,12/04/2020,101.35,1607040000.0
771,12/07/2020,102.01,1607299200.0
772,12/08/2020,100.37,1607385600.0
773,12/09/2020,101.94,1607472000.0
774,12/10/2020,103.508,1607558400.0
775,12/11/2020,104.405,1607644800.0
776,12/14/2020,103.83,1607904000.0
777,12/15/2020,104.24,1607990400.0
778,12/16/2020,104.1,1608076800.0
779,12/17/2020,103.55,1608163200.0
780,12/18/2020,103.33,1608249600.0
781,12/21/2020,101.22,1608508800.0
782,12/22/2020,102.12,1608595200.0
783,12/23/2020,102.29,1608681600.0
784,12/24/2020,102.3,1608768000.0
785,12/28/2020,102.92,1609113600.0
786,12/29/2020,104.887,1609200000.0
787,12/30/2020,105.99,1609286400.0
788,12/31/2020,106.0,1609372800.0
789,01/04/2021,107.66,1609718400.0
790,01/05/2021,102.92,1609804800.0
791,01/06/2021,102.99,1609891200.0
792,01/07/2021,104.49,1609977600.0
793,01/08/2021,103.86,1610064000.0
794,01/11/2021,105.1,1610323200.0
795,01/12/2021,104.01,1610409600.0
796,01/13/2021,102.32,1610496000.0
797,01/14/2021,103.8,1610582400.0
798,01/15/2021,101.38,1610668800.0
799,01/19/2021,102.797,1611014400.0
800,01/20/2021,102.41,1611100800.0
801,01/21/2021,105.46,1611187200.0
802,01/22/2021,104.159,1611273600.0
803,01/25/2021,103.745,1611532800.0
804,01/26/2021,103.4,1611619200.0
805,01/27/2021,101.48,1611705600.0
806,01/28/2021,98.935,1611792000.0
807,01/29/2021,97.385,1611878400.0
808,02/01/2021,96.99,1612137600.0
809,02/02/2021,99.05,1612224000.0
810,02/03/2021,101.25,1612310400.0
811,02/04/2021,101.36,1612396800.0
812,02/05/2021,105.0871,1612483200.0
813,02/08/2021,106.42,1612742400.0
814,02/09/2021,106.0,1612828800.0
815,02/10/2021,106.78,1612915200.0
816,02/11/2021,106.115,1613001600.0
817,02/12/2021,105.74,1613088000.0
818,02/16/2021,104.88,1613433600.0
819,02/17/2021,105.105,1613520000.0
820,02/18/2021,103.775,1613606400.0
821,02/19/2021,104.75,1613692800.0
822,02/22/2021,102.99,1613952000.0
823,02/23/2021,103.34,1614038400.0
824,02/24/2021,101.16,1614124800.0
825,02/25/2021,104.0,1614211200.0
826,02/26/2021,104.15,1614297600.0
827,03/01/2021,108.6,1614556800.0
828,03/02/2021,107.31,1614643200.0
829,03/03/2021,106.94,1614729600.0
830,03/04/2021,106.26,1614816000.0
831,03/05/2021,106.06,1614902400.0
832,03/08/2021,104.8,1615161600.0
833,03/09/2021,106.28,1615248000.0
834,03/10/2021,107.22,1615334400.0
835,03/11/2021,108.41,1615420800.0
836,03/12/2021,107.42,1615507200.0
837,03/15/2021,107.89,1615766400.0
838,03/16/2021,110.568,1615852800.0
839,03/17/2021,111.31,1615939200.0
840,03/18/2021,109.28,1616025600.0
841,03/19/2021,108.35,1616112000.0
842,03/22/2021,106.4,1616371200.0
843,03/23/2021,107.74,1616457600.0
844,03/24/2021,106.63,1616544000.0
845,03/25/2021,105.007,1616630400.0
846,03/26/2021,107.25,1616716800.0
847,03/29/2021,109.01,1616976000.0
848,03/30/2021,108.42,1617062400.0
849,03/31/2021,110.33,1617148800.0
850,04/01/2021,110.06,1617235200.0
851,04/05/2021,109.91,1617580800.0
852,04/06/2021,111.38,1617667200.0
853,04/07/2021,112.91,1617753600.0
854,04/08/2021,113.65,1617840000.0
855,04/09/2021,112.91,1617926400.0
856,04/12/2021,113.02,1618185600.0
857,04/13/2021,113.78,1618272000.0
858,04/14/2021,115.22,1618358400.0
859,04/15/2021,115.1,1618444800.0
860,04/16/2021,117.82,1618531200.0
861,04/19/2021,118.17,1618790400.0
862,04/20/2021,116.96,1618876800.0
863,04/21/2021,116.09,1618963200.0
864,04/22/2021,116.868,1619049600.0
865,04/23/2021,116.02,1619136000.0
866,04/26/2021,116.95,1619395200.0
867,04/27/2021,115.67,1619481600.0
868,04/28/2021,113.44,1619568000.0
869,04/29/2021,113.21,1619654400.0
870,04/30/2021,114.0,1619740800.0
871,05/03/2021,115.18,1620000000.0
872,05/04/2021,115.15,1620086400.0
873,05/05/2021,114.21,1620172800.0
874,05/06/2021,113.65,1620259200.0
875,05/07/2021,115.11,1620345600.0
876,05/10/2021,114.57,1620604800.0
877,05/11/2021,113.32,1620691200.0
878,05/12/2021,111.87,1620777600.0
879,05/13/2021,110.16,1620864000.0
880,05/14/2021,111.01,1620950400.0
881,05/17/2021,111.22,1621209600.0
882,05/18/2021,111.37,1621296000.0
883,05/19/2021,109.6,1621382400.0
884,05/20/2021,109.98,1621468800.0
885,05/21/2021,111.63,1621555200.0
886,05/24/2021,111.798,1621814400.0
887,05/25/2021,112.915,1621900800.0
888,05/26/2021,113.295,1621987200.0
889,05/27/2021,113.47,1622073600.0
890,05/28/2021,114.35,1622160000.0
891,06/01/2021,114.558,1622505600.0
892,06/02/2021,113.71,1622592000.0
893,06/03/2021,112.01,1622678400.0
894,06/04/2021,111.62,1622764800.0
895,06/07/2021,111.98,1623024000.0
896,06/08/2021,111.38,1623110400.0
897,06/09/2021,111.736,1623196800.0
898,06/10/2021,111.8,1623283200.0
899,06/11/2021,112.28,1623369600.0
900,06/14/2021,112.78,1623628800.0
901,06/15/2021,112.46,1623715200.0
902,06/16/2021,112.42,1623801600.0
903,06/17/2021,111.0,1623888000.0
904,06/18/2021,110.74,1623974400.0
905,06/21/2021,110.0,1624233600.0
906,06/22/2021,111.07,1624320000.0
907,06/23/2021,111.275,1624406400.0
908,06/24/2021,111.78,1624492800.0
909,06/25/2021,112.75,1624579200.0
910,06/28/2021,112.93,1624838400.0
911,06/29/2021,112.07,1624924800.0
912,06/30/2021,112.34,1625011200.0
913,07/01/2021,111.95,1625097600.0
914,07/02/2021,113.97,1625184000.0
915,07/06/2021,115.08,1625529600.0
916,07/07/2021,115.88,1625616000.0
917,07/08/2021,115.45,1625702400.0
918,07/09/2021,116.06,1625788800.0
919,07/12/2021,117.75,1626048000.0
920,07/13/2021,118.54,1626134400.0
921,07/14/2021,119.94,1626220800.0
922,07/15/2021,119.29,1626307200.0
923,07/16/2021,119.675,1626393600.0
924,07/19/2021,117.54,1626652800.0
925,07/20/2021,115.63,1626739200.0
926,07/21/2021,117.54,1626825600.0
927,07/22/2021,119.34,1626912000.0
928,07/23/2021,124.55,1626998400.0
929,07/26/2021,125.74,1627257600.0
930,07/27/2021,126.08,1627344000.0
931,07/28/2021,122.555,1627430400.0
932,07/29/2021,122.93,1627516800.0
933,07/30/2021,122.19,1627603200.0
934,08/02/2021,122.027,1627862400.0
935,08/03/2021,120.57,1627948800.0
936,08/04/2021,119.13,1628035200.0
937,08/05/2021,118.72,1628121600.0
938,08/06/2021,119.14,1628208000.0
939,08/09/2021,118.99,1628467200.0
940,08/10/2021,118.39,1628553600.0
941,08/11/2021,116.34,1628640000.0
942,08/12/2021,116.41,1628726400.0
943,08/13/2021,115.94,1628812800.0
944,08/16/2021,116.693,1629072000.0
945,08/17/2021,116.62,1629158400.0
946,08/18/2021,116.28,1629244800.0
947,08/19/2021,114.51,1629331200.0
948,08/20/2021,113.98,1629417600.0
949,08/23/2021,114.71,1629676800.0
950,08/24/2021,115.39,1629763200.0
951,08/25/2021,115.59,1629849600.0
952,08/26/2021,115.62,1629936000.0
953,08/27/2021,114.605,1630022400.0
954,08/30/2021,115.61,1630281600.0
955,08/31/2021,115.77,1630368000.0
956,09/01/2021,118.01,1630454400.0
957,09/02/2021,118.29,1630540800.0
958,09/03/2021,116.838,1630627200.0
959,09/07/2021,117.09,1630972800.0
960,09/08/2021,116.1,1631059200.0
961,09/09/2021,117.98,1631145600.0
962,09/10/2021,119.35,1631232000.0
963,09/13/2021,119.89,1631491200.0
964,09/14/2021,119.724,1631577600.0
965,09/15/2021,116.955,1631664000.0
966,09/16/2021,114.79,1631750400.0
967,09/17/2021,114.54,1631836800.0
968,09/20/2021,111.354,1632096000.0
969,09/21/2021,111.92,1632182400.0
970,09/22/2021,113.06,1632268800.0
971,09/23/2021,113.39,1632355200.0
972,09/24/2021,114.13,1632441600.0
973,09/27/2021,113.612,1632700800.0
974,09/28/2021,112.675,1632787200.0
975,09/29/2021,111.9,1632873600.0
976,09/30/2021,111.52,1632960000.0
977,10/01/2021,110.89,1633046400.0
978,10/04/2021,112.43,1633305600.0
979,10/05/2021,111.125,1633392000.0
980,10/06/2021,110.18,1633478400.0
981,10/07/2021,112.38,1633564800.0
982,10/08/2021,112.58,1633651200.0
983,10/11/2021,112.89,1633910400.0
984,10/12/2021,111.72,1633996800.0
985,10/13/2021,111.39,1634083200.0
986,10/14/2021,111.08,1634169600.0
987,10/15/2021,112.45,1634256000.0
988,10/18/2021,111.44,1634515200.0
989,10/19/2021,113.74,1634601600.0
990,10/20/2021,113.0635,1634688000.0
991,10/21/2021,113.93,1634774400.0
992,10/22/2021,114.41,1634860800.0
993,10/25/2021,114.74,1635120000.0
994,10/26/2021,114.92,1635206400.0
995,10/27/2021,115.57,1635292800.0
996,10/28/2021,113.74,1635379200.0
997,10/29/2021,107.5,1635465600.0
998,11/01/2021,107.225,1635724800.0
999,11/02/2021,110.25,1635811200.0
1000,11/03/2021,111.33,1635897600.0
1001,11/04/2021,111.6,1635984000.0
1002,11/05/2021,113.24,1636070400.0
1003,11/08/2021,116.52,1636329600.0
1004,11/09/2021,114.65,1636416000.0
1005,11/10/2021,112.905,1636502400.0
1006,11/11/2021,113.25,1636588800.0
1007,11/12/2021,111.74,1636675200.0
1008,11/15/2021,112.12,1636934400.0
1009,11/16/2021,112.28,1637020800.0
1010,11/17/2021,112.22,1637107200.0
1011,11/18/2021,112.12,1637193600.0
1012,11/19/2021,112.729,1637280000.0
1013,11/22/2021,111.11,1637539200.0
1014,11/23/2021,112.0,1637625600.0
1015,11/24/2021,113.41,1637712000.0
1016,11/26/2021,110.01,1637884800.0
1017,11/29/2021,111.36,1638144000.0
1018,11/30/2021,109.55,1638230400.0
1019,12/01/2021,110.96,1638316800.0
1020,12/02/2021,109.17,1638403200.0
1021,12/03/2021,111.85,1638489600.0
1022,12/06/2021,112.01,1638748800.0
1023,12/07/2021,115.058,1638835200.0
1024,12/08/2021,115.78,1638921600.0
1025,12/09/2021,115.8,1639008000.0
1026,12/10/2021,115.82,1639094400.0
1027,12/13/2021,116.16,1639353600.0
1028,12/14/2021,114.57,1639440000.0
1029,12/15/2021,114.81,1639526400.0
1030,12/16/2021,115.0,1639612800.0
1031,12/17/2021,111.27,1639699200.0
1032,12/20/2021,107.07,1639958400.0
1033,12/21/2021,109.0,1640044800.0
1034,12/22/2021,110.2,1640131200.0
1035,12/23/2021,112.23,1640217600.0
1036,12/27/2021,112.6,1640563200.0
1037,12/28/2021,114.0,1640649600.0
1038,12/29/2021,115.3959,1640736000.0
1039,12/30/2021,116.38,1640822400.0
1040,12/31/2021,115.67,1640908800.0
1041,01/03/2022,116.47,1641168000.0
1042,01/04/2022,116.9,1641254400.0
1043,01/05/2022,114.4,1641340800.0
1044,01/06/2022,110.0,1641427200.0
1045,01/07/2022,108.215,1641513600.0
1046,01/10/2022,106.615,1641772800.0
1047,01/11/2022,106.04,1641859200.0
1048,01/12/2022,104.435,1641945600.0
1049,01/13/2022,104.15,1642032000.0
1050,01/14/2022,101.91,1642118400.0
1051,01/18/2022,99.17,1642464000.0
1052,01/19/2022,97.938,1642550400.0
1053,01/20/2022,97.49,1642636800.0
1054,01/21/2022,95.903,1642723200.0
1055,01/24/2022,94.75,1642982400.0
1056,01/25/2022,96.67,1643068800.0
1057,01/26/2022,97.7,1643155200.0
1058,01/27/2022,96.62,1643241600.0
1059,01/28/2022,95.06,1643328000.0
1060,01/31/2022,97.03,1643587200.0
1061,02/01/2022,98.418,1643673600.0
1062,02/02/2022,95.8,1643760000.0
1063,02/03/2022,96.84,1643846400.0
1064,02/04/2022,95.41,1643932800.0
1065,02/07/2022,95.35,1644192000.0
1066,02/08/2022,95.29,1644278400.0
1067,02/09/2022,96.25,1644364800.0
1068,02/10/2022,95.46,1644451200.0
1069,02/11/2022,95.59,1644537600.0
1070,02/14/2022,93.75,1644796800.0
1071,02/15/2022,95.15,1644883200.0
1072,02/16/2022,94.34,1644969600.0
1073,02/17/2022,94.42,1645056000.0
1074,02/18/2022,92.56,1645142400.0
1075,02/22/2022,93.595,1645488000.0
1076,02/23/2022,93.88,1645574400.0
1077,02/24/2022,87.5,1645660800.0
1078,02/25/2022,91.3,1645747200.0
1079,02/28/2022,91.29,1646006400.0
1080,03/01/2022,91.49,1646092800.0
1081,03/02/2022,90.77,1646179200.0
1082,03/03/2022,93.48,1646265600.0
1083,03/04/2022,90.97,1646352000.0
1084,03/07/2022,90.04,1646611200.0
1085,03/08/2022,84.755,1646697600.0
1086,03/09/2022,86.5,1646784000.0
1087,03/10/2022,86.09,1646870400.0
1088,03/11/2022,88.35,1646956800.0
1089,03/14/2022,82.315,1647216000.0
1090,03/15/2022,80.5,1647302400.0
1091,03/16/2022,88.01,1647388800.0
1092,03/17/2022,87.46,1647475200.0
1093,03/18/2022,86.12,1647561600.0
1094,03/21/2022,89.605,1647820800.0
1095,03/22/2022,87.4,1647907200.0
1096,03/23/2022,87.364,1647993600.0
1097,03/24/2022,86.83,1648080000.0
1098,03/25/2022,87.39,1648166400.0
1099,03/28/2022,87.48,1648425600.0
1100,03/29/2022,89.7,1648512000.0
1101,03/30/2022,90.75,1648598400.0
1102,03/31/2022,91.32,1648684800.0
1103,04/01/2022,91.5,1648771200.0
1104,04/04/2022,87.89,1649030400.0
1105,04/05/2022,86.56,1649116800.0
1106,04/06/2022,83.65,1649203200.0
1107,04/07/2022,82.99,1649289600.0
1108,04/08/2022,83.19,1649376000.0
1109,04/11/2022,80.88,1649635200.0
1110,04/12/2022,80.83,1649721600.0
1111,04/13/2022,79.88,1649808000.0
1112,04/14/2022,80.745,1649894400.0
1113,04/18/2022,79.04,1650240000.0
1114,04/19/2022,79.62,1650326400.0
1115,04/20/2022,81.31,1650412800.0
1116,04/21/2022,81.05,1650499200.0
1117,04/22/2022,78.89,1650585600.0
1118,04/25/2022,77.38,1650844800.0
1119,04/26/2022,77.49,1650931200.0
1120,04/27/2022,75.38,1651017600.0
1121,04/28/2022,75.62,1651104000.0
1122,04/29/2022,76.02,1651190400.0
1123,05/02/2022,75.25,1651449600.0
1124,05/03/2022,75.72,1651536000.0
1125,05/04/2022,79.31,1651622400.0
1126,05/05/2022,80.425,1651708800.0
1127,05/06/2022,77.03,1651795200.0
1128,05/09/2022,75.24,1652054400.0
1129,05/10/2022,74.85,1652140800.0
1130,05/11/2022,71.545,1652227200.0
1131,05/12/2022,69.15,1652313600.0
1132,05/13/2022,71.88,1652400000.0
1133,05/16/2022,74.945,1652659200.0
1134,05/17/2022,74.01,1652745600.0
1135,05/18/2022,73.15,1652832000.0
1136,05/19/2022,71.1,1652918400.0
1137,05/20/2022,72.88,1653004800.0
1138,05/23/2022,73.73,1653264000.0
1139,05/24/2022,72.97,1653350400.0
1140,05/25/2022,72.72,1653436800.0
1141,05/26/2022,72.95,1653523200.0
1142,05/27/2022,75.23,1653609600.0
1143,05/31/2022,76.97,1653955200.0
1144,06/01/2022,78.75,1654041600.0
1145,06/02/2022,76.54,1654128000.0
1146,06/03/2022,79.0,1654214400.0
1147,06/06/2022,79.7,1654473600.0
1148,06/07/2022,78.57,1654560000.0
1149,06/08/2022,78.9,1654646400.0
1150,06/09/2022,77.97,1654732800.0
1151,06/10/2022,77.02,1654819200.0
1152,06/13/2022,73.09,1655078400.0
1153,06/14/2022,72.85,1655164800.0
1154,06/15/2022,73.25,1655251200.0
1155,06/16/2022,72.43,1655337600.0
1156,06/17/2022,71.08,1655424000.0
1157,06/21/2022,73.06,1655769600.0
1158,06/22/2022,72.37,1655856000.0
1159,06/23/2022,73.855,1655942400.0
1160,06/24/2022,75.66,1656028800.0
1161,06/27/2022,78.0,1656288000.0
1162,06/28/2022,78.39,1656374400.0
1163,06/29/2022,76.21,1656460800.0
1164,06/30/2022,76.01,1656547200.0
1165,07/01/2022,76.73,1656633600.0
1166,07/05/2022,78.02,1656979200.0
1167,07/06/2022,79.83,1657065600.0
1168,07/07/2022,78.81,1657152000.0
1169,07/08/2022,78.69,1657238400.0
1170,07/11/2022,78.85,1657497600.0
1171,07/12/2022,78.36,1657584000.0
1172,07/13/2022,75.986,1657670400.0
1173,07/14/2022,77.09,1657756800.0
1174,07/15/2022,78.615,1657843200.0
1175,07/18/2022,80.03,1658102400.0
1176,07/19/2022,81.11,1658188800.0
1177,07/20/2022,82.48,1658275200.0
1178,07/21/2022,82.95,1658361600.0
1179,07/22/2022,84.16,1658448000.0
1180,07/25/2022,83.59,1658707200.0
1181,07/26/2022,81.215,1658793600.0
1182,07/27/2022,81.23,1658880000.0
1183,07/28/2022,83.19,1658966400.0
1184,07/29/2022,84.6,1659052800.0
1185,08/01/2022,84.19,1659312000.0
1186,08/02/2022,84.7,1659398400.0
1187,08/03/2022,86.01,1659484800.0
1188,08/04/2022,87.21,1659571200.0
1189,08/05/2022,85.76,1659657600.0
1190,08/08/2022,86.15,1659916800.0
1191,08/09/2022,85.74,1660003200.0
1192,08/10/2022,86.5,1660089600.0
1193,08/11/2022,86.94,1660176000.0
1194,08/12/2022,87.305,1660262400.0
1195,08/15/2022,88.11,1660521600.0
1196,08/16/2022,88.78,1660608000.0
1197,08/17/2022,88.4,1660694400.0
1198,08/18/2022,88.03,1660780800.0
1199,08/19/2022,87.77,1660867200.0
1200,08/22/2022,85.382,1661126400.0
1201,08/23/2022,84.85,1661212800.0
1202,08/24/2022,84.76,1661299200.0
1203,08/25/2022,86.35,1661385600.0
1204,08/26/2022,87.51,1661472000.0
1205,08/29/2022,83.2,1661731200.0
1206,08/30/2022,84.18,1661817600.0
1207,08/31/2022,83.87,1661904000.0
1208,09/01/2022,83.7,1661990400.0
1209,09/02/2022,85.47,1662076800.0
1210,09/06/2022,83.07,1662422400.0
1211,09/07/2022,85.11,1662508800.0
1212,09/08/2022,87.3,1662595200.0
1213,09/09/2022,89.5,1662681600.0
1214,09/12/2022,89.77,1662940800.0
1215,09/13/2022,86.72,1663027200.0
1216,09/14/2022,89.565,1663113600.0
1217,09/15/2022,92.09,1663200000.0
1218,09/16/2022,91.15,1663286400.0
1219,09/19/2022,90.885,1663545600.0
1220,09/20/2022,91.66,1663632000.0
1221,09/21/2022,91.29,1663718400.0
1222,09/22/2022,88.0,1663804800.0
1223,09/23/2022,83.9,1663891200.0
1224,09/26/2022,84.31,1664150400.0
1225,09/27/2022,85.97,1664236800.0
1226,09/28/2022,84.68,1664323200.0
1227,09/29/2022,86.81,1664409600.0
1228,09/30/2022,86.565,1664496000.0
1229,10/03/2022,84.75,1664755200.0
1230,10/04/2022,87.09,1664841600.0
1231,10/05/2022,87.73,1664928000.0
1232,10/06/2022,90.19,1665014400.0
1233,10/07/2022,88.54,1665100800.0
1234,10/10/2022,87.01,1665360000.0
1235,10/11/2022,86.71,1665446400.0
1236,10/12/2022,87.0,1665532800.0
1237,10/13/2022,85.09,1665619200.0
1238,10/14/2022,90.01,1665705600.0
1239,10/17/2022,87.9,1665964800.0
1240,10/18/2022,90.11,1666051200.0
1241,10/19/2022,88.385,1666137600.0
1242,10/20/2022,87.33,1666224000.0
1243,10/21/2022,87.0,1666310400.0
1244,10/24/2022,86.9,1666569600.0
1245,10/25/2022,84.1,1666656000.0
1246,10/26/2022,85.61,1666742400.0
1247,10/27/2022,86.13,1666828800.0
1248,10/28/2022,85.17,1666915200.0
1249,10/31/2022,86.6,1667174400.0
1250,11/01/2022,88.06,1667260800.0
1251,11/02/2022,87.27,1667347200.0
1252,11/03/2022,84.07,1667433600.0
1253,11/04/2022,91.98,1667520000.0
1254,11/07/2022,91.67,1667779200.0
1255,11/08/2022,90.92,1667865600.0
1256,11/09/2022,91.605,1667952000.0
1257,11/10/2022,93.89,1668038400.0
1258,11/11/2022,96.76,1668124800.0
1259,11/14/2022,97.13,1668384000.0
1260,11/15/2022,98.91,1668470400.0
1261,11/16/2022,96.52,1668556800.0
1262,11/17/2022,95.21,1668643200.0
1263,11/18/2022,97.75,1668729600.0
1264,11/21/2022,96.99,1668988800.0
1265,11/22/2022,98.5,1669075200.0
1266,11/23/2022,98.49,1669161600.0
1267,11/25/2022,99.64,1669334400.0
1268,11/28/2022,98.99,1669593600.0
1269,11/29/2022,98.96,1669680000.0
1270,11/30/2022,99.05,1669766400.0
1271,12/01/2022,102.33,1669852800.0
1272,12/02/2022,102.02,1669939200.0
1273,12/05/2022,103.39,1670198400.0
1274,12/06/2022,103.82,1670284800.0
1275,12/07/2022,101.29,1670371200.0
1276,12/08/2022,102.74,1670457600.0
1277,12/09/2022,103.43,1670544000.0
1278,12/12/2022,101.13,1670803200.0
1279,12/13/2022,104.82,1670889600.0
1280,12/14/2022,102.32,1670976000.0
1281,12/15/2022,101.21,1671062400.0
1282,12/16/2022,99.28,1671148800.0
1283,12/19/2022,98.43,1671408000.0
1284,12/20/2022,98.19,1671494400.0
1285,12/21/2022,96.72,1671580800.0
1286,12/22/2022,98.45,1671667200.0
1287,12/23/2022,97.59,1671753600.0
1288,12/27/2022,98.57,1672099200.0
1289,12/28/2022,99.41,1672185600.0
1290,12/29/2022,99.0,1672272000.0
1291,12/30/2022,99.19,1672358400.0
1292,01/03/2023,100.56,1672704000.0
1293,01/04/2023,102.69,1672790400.0
1294,01/05/2023,104.49,1672876800.0
1295,01/06/2023,105.38,1672963200.0
1296,01/09/2023,106.52,1673222400.0
1297,01/10/2023,104.36,1673308800.0
1298,01/11/2023,105.81,1673395200.0
1299,01/12/2023,106.29,1673481600.0
1300,01/13/2023,105.07,1673568000.0
1301,01/17/2023,106.95,1673913600.0
1302,01/18/2023,107.14,1674000000.0
1303,01/19/2023,105.0,1674086400.0
1304,01/20/2023,104.4,1674172800.0
1305,01/23/2023,105.04,1674432000.0
1306,01/24/2023,106.4,1674518400.0
1307,01/25/2023,106.06,1674604800.0
1308,01/26/2023,107.3,1674691200.0
1309,01/27/2023,108.74,1674777600.0
1310,01/30/2023,108.26,1675036800.0
1311,01/31/2023,108.26,1675123200.0
1312,02/01/2023,108.97,1675209600.0
1313,02/02/2023,110.04,1675296000.0
1314,02/03/2023,104.58,1675382400.0
1315,02/06/2023,104.0,1675641600.0
1316,02/07/2023,104.83,1675728000.0
1317,02/08/2023,106.32,1675814400.0
1318,02/09/2023,105.73,1675900800.0
1319,02/10/2023,105.52,1675987200.0
1320,02/13/2023,107.45,1676246400.0
1321,02/14/2023,107.93,1676332800.0
1322,02/15/2023,107.5,1676419200.0
1323,02/16/2023,107.755,1676505600.0
1324,02/17/2023,106.735,1676592000.0
1325,02/21/2023,105.5,1676937600.0
1326,02/22/2023,105.405,1677024000.0
1327,02/23/2023,105.51,1677110400.0
1328,02/24/2023,102.65,1677196800.0
1329,02/27/2023,102.33,1677456000.0
1330,02/28/2023,101.99,1677542400.0
1331,03/01/2023,102.19,1677628800.0
1332,03/02/2023,101.28,1677715200.0
1333,03/03/2023,103.4,1677801600.0
1334,03/06/2023,104.45,1678060800.0
1335,03/07/2023,104.99,1678147200.0
1336,03/08/2023,102.9,1678233600.0
1337,03/09/2023,102.74,1678320000.0
1338,03/10/2023,100.62,1678406400.0
1339,03/13/2023,98.91,1678665600.0
1340,03/14/2023,100.11,1678752000.0
1341,03/15/2023,98.395,1678838400.0
1342,03/16/2023,99.14,1678924800.0
1343,03/17/2023,99.07,1679011200.0
1344,03/20/2023,99.1,1679270400.0
1345,03/21/2023,100.51,1679356800.0
1346,03/22/2023,100.69,1679443200.0
1347,03/23/2023,99.34,1679529600.0
1348,03/24/2023,98.22,1679616000.0
1349,03/27/2023,98.918,1679875200.0
1350,03/28/2023,98.14,1679961600.0
1351,03/29/2023,99.33,1680048000.0
1352,03/30/2023,101.44,1680134400.0
1353,03/31/2023,101.84,1680220800.0
1354,04/03/2023,104.06,1680480000.0
1355,04/04/2023,104.85,1680566400.0
1356,04/05/2023,103.98,1680652800.0
1357,04/06/2023,104.9,1680739200.0
1358,04/10/2023,103.545,1681084800.0
1359,04/11/2023,105.06,1681171200.0
1360,04/12/2023,106.24,1681257600.0
1361,04/13/2023,106.38,1681344000.0
1362,04/14/2023,106.91,1681430400.0
1363,04/17/2023,107.958,1681689600.0
1364,04/18/2023,108.87,1681776000.0
1365,04/19/2023,107.69,1681862400.0
1366,04/20/2023,106.192,1681948800.0
1367,04/21/2023,107.3,1682035200.0
1368,04/24/2023,108.19,1682294400.0
1369,04/25/2023,108.91,1682380800.0
1370,04/26/2023,109.01,1682467200.0
1371,04/27/2023,111.39,1682553600.0
1372,04/28/2023,112.42,1682640000.0
1373,05/01/2023,114.252,1682899200.0
1374,05/02/2023,114.49,1682985600.0
1375,05/03/2023,109.075,1683072000.0
1376,05/04/2023,104.27,1683158400.0
1377,05/05/2023,105.55,1683244800.0
1378,05/08/2023,107.47,1683504000.0
1379,05/09/2023,106.99,1683590400.0
1380,05/10/2023,107.16,1683676800.0
1381,05/11/2023,106.44,1683763200.0
1382,05/12/2023,105.76,1683849600.0
1383,05/15/2023,106.11,1684108800.0
1384,05/16/2023,106.41,1684195200.0
1385,05/17/2023,105.96,1684281600.0
1386,05/18/2023,105.42,1684368000.0
1387,05/19/2023,107.0,1684454400.0
1388,05/22/2023,105.52,1684713600.0
1389,05/23/2023,102.115,1684800000.0
1390,05/24/2023,100.8,1684886400.0
1391,05/25/2023,98.7,1684972800.0
1392,05/26/2023,98.63,1685059200.0
1393,05/30/2023,98.89,1685404800.0
1394,05/31/2023,98.03,1685491200.0
1395,06/01/2023,97.59,1685577600.0
1396,06/02/2023,98.31,1685664000.0
1397,06/05/2023,100.04,1685923200.0
1398,06/06/2023,99.74,1686009600.0
1399,06/07/2023,98.55,1686096000.0
1400,06/08/2023,97.65,1686182400.0
1401,06/09/2023,98.8,1686268800.0
1402,06/12/2023,97.96,1686528000.0
1403,06/13/2023,98.51,1686614400.0
1404,06/14/2023,99.56,1686700800.0
1405,06/15/2023,101.34,1686787200.0
1406,06/16/2023,102.01,1686873600.0
1407,06/20/2023,101.86,1687219200.0
1408,06/21/2023,100.6,1687305600.0
1409,06/22/2023,101.42,1687392000.0
1410,06/23/2023,99.65,1687478400.0
1411,06/26/2023,98.34,1687737600.0
1412,06/27/2023,98.39,1687824000.0
1413,06/28/2023,98.64,1687910400.0
1414,06/29/2023,98.61,1687996800.0
1415,06/30/2023,99.4,1688083200.0
1416,07/03/2023,98.73,1688342400.0
1417,07/05/2023,99.15,1688515200.0
1418,07/06/2023,97.86,1688601600.0
1419,07/07/2023,95.99,1688688000.0
1420,07/10/2023,96.3,1688947200.0
1421,07/11/2023,99.44,1689033600.0
1422,07/12/2023,101.42,1689120000.0
1423,07/13/2023,101.51,1689206400.0
1424,07/14/2023,101.77,1689292800.0
1425,07/17/2023,100.83,1689552000.0
1426,07/18/2023,100.74,1689638400.0
1427,07/19/2023,100.62,1689724800.0
1428,07/20/2023,101.78,1689811200.0
1429,07/21/2023,101.8,1689897600.0
1430,07/24/2023,102.875,1690156800.0
1431,07/25/2023,102.43,1690243200.0
1432,07/26/2023,102.2142,1690329600.0
1433,07/27/2023,102.03,1690416000.0
1434,07/28/2023,101.5,1690502400.0
1435,07/31/2023,101.31,1690761600.0
1436,08/01/2023,101.47,1690848000.0
1437,08/02/2023,100.5,1690934400.0
1438,08/03/2023,101.97,1691020800.0
1439,08/04/2023,102.96,1691107200.0
1440,08/07/2023,101.42,1691366400.0
1441,08/08/2023,101.22,1691452800.0
1442,08/09/2023,101.0,1691539200.0
1443,08/10/2023,100.54,1691625600.0
1444,08/11/2023,101.4,1691712000.0
1445,08/14/2023,100.48,1691971200.0
1446,08/15/2023,100.13,1692057600.0
1447,08/16/2023,99.61,1692144000.0
1448,08/17/2023,99.0,1692230400.0
1449,08/18/2023,96.01,1692316800.0
1450,08/21/2023,97.32,1692576000.0
1451,08/22/2023,96.49,1692662400.0
1452,08/23/2023,96.42,1692748800.0
1453,08/24/2023,94.75,1692835200.0
1454,08/25/2023,95.54,1692921600.0
1455,08/28/2023,95.94,1693180800.0
1456,08/29/2023,97.36,1693267200.0
1457,08/30/2023,99.02,1693353600.0
1458,08/31/2023,99.0,1693440000.0
1459,09/01/2023,98.4,1693526400.0
1460,09/05/2023,97.52,1693872000.0
1461,09/06/2023,96.42,1693958400.0
1462,09/07/2023,95.49,1694044800.0
1463,09/08/2023,95.25,1694131200.0
1464,09/11/2023,95.65,1694390400.0
1465,09/12/2023,95.5,1694476800.0
1466,09/13/2023,96.2,1694563200.0
1467,09/14/2023,96.77,1694649600.0
1468,09/15/2023,97.25,1694736000.0
1469,09/18/2023,96.3,1694995200.0
1470,09/19/2023,95.21,1695081600.0
1471,09/20/2023,95.45,1695168000.0
1472,09/21/2023,95.16,1695254400.0
1473,09/22/2023,93.43,1695340800.0
1474,09/25/2023,92.89,1695600000.0
1475,09/26/2023,92.0,1695686400.0
1476,09/27/2023,92.46,1695772800.0
1477,09/28/2023,91.17,1695859200.0
1478,09/29/2023,92.61,1695945600.0
1479,10/02/2023,91.05,1696204800.0
1480,10/03/2023,90.5,1696291200.0
1481,10/04/2023,89.89,1696377600.0
1482,10/05/2023,91.14,1696464000.0
1483,10/06/2023,92.0,1696550400.0
1484,10/09/2023,92.45,1696809600.0
1485,10/10/2023,92.96,1696896000.0
1486,10/11/2023,93.29,1696982400.0
1487,10/12/2023,91.84,1697068800.0
1488,10/13/2023,91.28,1697155200.0
1489,10/16/2023,92.17,1697414400.0
1490,10/17/2023,92.75,1697500800.0
1491,10/18/2023,93.94,1697587200.0
1492,10/19/2023,94.37,1697673600.0
1493,10/20/2023,94.62,1697760000.0
1494,10/23/2023,93.93,1698019200.0
1495,10/24/2023,94.28,1698105600.0
1496,10/25/2023,94.32,1698192000.0
1497,10/26/2023,93.81,1698278400.0
1498,10/27/2023,92.64,1698364800.0
1499,10/30/2023,93.12,1698624000.0
1500,10/31/2023,93.17,1698710400.0
1501,11/01/2023,91.83,1698796800.0
1502,11/02/2023,100.99,1698883200.0
1503,11/03/2023,100.62,1698969600.0
1504,11/06/2023,102.87,1699228800.0
1505,11/07/2023,104.23,1699315200.0
1506,11/08/2023,103.74,1699401600.0
1507,11/09/2023,104.3,1699488000.0
1508,11/10/2023,102.6,1699574400.0
1509,11/13/2023,103.92,1699833600.0
1510,11/14/2023,104.48,1699920000.0
1511,11/15/2023,105.66,1700006400.0
1512,11/16/2023,106.28,1700092800.0
1513,11/17/2023,107.18,1700179200.0
1514,11/20/2023,105.21,1700438400.0
1515,11/21/2023,104.45,1700524800.0
1516,11/22/2023,104.16,1700611200.0
1517,11/24/2023,103.44,1700784000.0
1518,11/27/2023,102.29,1701043200.0
1519,11/28/2023,101.96,1701129600.0
1520,11/29/2023,101.51,1701216000.0
1521,11/30/2023,100.06,1701302400.0
1522,12/01/2023,98.5,1701388800.0
1523,12/04/2023,98.39,1701648000.0
1524,12/05/2023,97.38,1701734400.0
1525,12/06/2023,95.95,1701820800.0
1526,12/07/2023,97.25,1701907200.0
1527,12/08/2023,96.08,1701993600.0
1528,12/11/2023,97.22,1702252800.0
1529,12/12/2023,98.44,1702339200.0
1530,12/13/2023,98.5,1702425600.0
1531,12/14/2023,98.72,1702512000.0
1532,12/15/2023,97.84,1702598400.0
1533,12/18/2023,97.24,1702857600.0
1534,12/19/2023,96.94,1702944000.0
1535,12/20/2023,96.36,1703030400.0
1536,12/21/2023,95.08,1703116800.0
1537,12/22/2023,94.89,1703203200.0
1538,12/26/2023,95.34,1703548800.0
1539,12/27/2023,95.69,1703635200.0
1540,12/28/2023,95.5,1703721600.0
1541,12/29/2023,95.88,1703808000.0
1542,01/02/2024,95.45,1704153600.0
1543,01/03/2024,93.96,1704240000.0
1544,01/04/2024,93.1,1704326400.0
1545,01/05/2024,93.33,1704412800.0
1546,01/08/2024,93.02,1704672000.0
1547,01/09/2024,93.61,1704758400.0
1548,01/10/2024,93.01,1704844800.0
1549,01/11/2024,93.33,1704931200.0
1550,01/12/2024,93.23,1705017600.0
1551,01/16/2024,92.66,1705363200.0
1552,01/17/2024,91.66,1705449600.0
1553,01/18/2024,91.96,1705536000.0
1554,01/19/2024,93.18,1705622400.0
1555,01/22/2024,93.8,1705881600.0
1556,01/23/2024,93.03,1705968000.0
1557,01/24/2024,92.55,1706054400.0
1558,01/25/2024,92.22,1706140800.0
1559,01/26/2024,92.92,1706227200.0
1560,01/29/2024,93.02,1706486400.0
1561,01/30/2024,93.0,1706572800.0
1562,01/31/2024,98.28,1706659200.0
1563,02/01/2024,93.1,1706745600.0
1564,02/02/2024,92.69,1706832000.0
1565,02/05/2024,92.78,1707091200.0
1566,02/06/2024,92.5,1707177600.0
1567,02/07/2024,96.24,1707264000.0
1568,02/08/2024,95.1,1707350400.0
1569,02/09/2024,96.32,1707436800.0
1570,02/12/2024,96.92,1707696000.0
1571,02/13/2024,94.85,1707782400.0
1572,02/14/2024,94.08,1707868800.0
1573,02/15/2024,94.03,1707955200.0
1574,02/16/2024,93.1,1708041600.0
1575,02/20/2024,93.36,1708387200.0
1576,02/21/2024,93.86,1708473600.0
1577,02/22/2024,94.89,1708560000.0
1578,02/23/2024,95.88,1708646400.0
1579,02/26/2024,95.36,1708905600.0
1580,02/27/2024,94.32,1708992000.0
1581,02/28/2024,93.77,1709078400.0
1582,02/29/2024,94.5,1709164800.0
1583,03/01/2024,94.45,1709251200.0
1584,03/04/2024,93.06,1709510400.0
1585,03/05/2024,92.1,1709596800.0
1586,03/06/2024,91.35,1709683200.0
1587,03/07/2024,91.62,1709769600.0
1588,03/08/2024,90.62,1709856000.0
1589,03/11/2024,91.26,1710115200.0
1590,03/12/2024,92.0,1710201600.0
1591,03/13/2024,92.49,1710288000.0
1592,03/14/2024,91.1,1710374400.0
1593,03/15/2024,91.6,1710460800.0
1594,03/18/2024,90.75,1710720000.0
1595,03/19/2024,91.0,1710806400.0
1596,03/20/2024,91.79,1710892800.0
1597,03/21/2024,92.63,1710979200.0
1598,03/22/2024,91.74,1711065600.0
1599,03/25/2024,90.65,1711324800.0
1600,03/26/2024,90.98,1711411200.0
1601,03/27/2024,90.65,1711497600.0
1602,03/28/2024,91.79,1711584000.0
1603,04/01/2024,91.82,1711929600.0
1604,04/02/2024,91.11,1712016000.0
1605,04/03/2024,89.6,1712102400.0
1606,04/04/2024,89.13,1712188800.0
1607,04/05/2024,87.9,1712275200.0
1608,04/08/2024,86.97,1712534400.0
1609,04/09/2024,87.19,1712620800.0
1610,04/10/2024,86.32,1712707200.0
1611,04/11/2024,86.0,1712793600.0
1612,04/12/2024,85.42,1712880000.0
1613,04/15/2024,85.4,1713139200.0
1614,04/16/2024,84.82,1713225600.0
1615,04/17/2024,86.0,1713312000.0
1616,04/18/2024,86.438,1713398400.0
1617,04/19/2024,87.15,1713484800.0
1618,04/22/2024,88.08,1713744000.0
1619,04/23/2024,88.77,1713830400.0
1620,04/24/2024,87.06,1713916800.0
1621,04/25/2024,89.55,1714003200.0
1622,04/26/2024,87.4,1714089600.0
1623,04/29/2024,88.24,1714348800.0
1624,04/30/2024,87.61,1714435200.0
1625,05/01/2024,75.82,1714521600.0
1626,05/02/2024,74.9,1714608000.0
1627,05/03/2024,75.27,1714694400.0
1628,05/06/2024,73.31,1714953600.0
1629,05/07/2024,72.85,1715040000.0
1630,05/08/2024,72.29,1715126400.0
1631,05/09/2024,73.57,1715212800.0
1632,05/10/2024,75.31,1715299200.0
1633,05/13/2024,76.22,1715558400.0
1634,05/14/2024,76.23,1715644800.0
1635,05/15/2024,75.9,1715731200.0
1636,05/16/2024,75.185,1715817600.0
1637,05/17/2024,75.27,1715904000.0
1638,05/20/2024,77.68,1716163200.0
1639,05/21/2024,77.555,1716249600.0
1640,05/22/2024,77.7,1716336000.0
1641,05/23/2024,80.1,1716422400.0
1642,05/24/2024,78.5,1716508800.0
1643,05/28/2024,78.79,1716854400.0
1644,05/29/2024,77.1,1716940800.0
1645,05/30/2024,77.1,1717027200.0
1646,05/31/2024,79.08,1717113600.0
1647,06/03/2024,79.68,1717372800.0
1648,06/04/2024,81.97,1717459200.0
1649,06/05/2024,82.46,1717545600.0
1650,06/06/2024,81.15,1717632000.0
1651,06/07/2024,81.62,1717718400.0
1652,06/10/2024,81.49,1717977600.0
1653,06/11/2024,80.92,1718064000.0
1654,06/12/2024,79.99,1718150400.0
1655,06/13/2024,79.5,1718236800.0
1656,06/14/2024,80.0,1718323200.0
1657,06/17/2024,79.58,1718582400.0
1658,06/18/2024,81.01,1718668800.0
1659,06/20/2024,79.82,1718841600.0
1660,06/21/2024,80.0,1718928000.0
1661,06/24/2024,80.0,1719187200.0
1662,06/25/2024,80.0,1719273600.0
1663,06/26/2024,79.0,1719360000.0
1664,06/27/2024,79.05,1719446400.0
1665,06/28/2024,78.72,1719532800.0
1666,07/01/2024,77.99,1719792000.0
1667,07/02/2024,77.12,1719878400.0
1668,07/03/2024,76.84,1719964800.0
1669,07/05/2024,76.24,1720137600.0
1670,07/08/2024,76.34,1720396800.0
1671,07/09/2024,74.63,1720483200.0
1672,07/10/2024,72.99,1720569600.0
1673,07/11/2024,72.34,1720656000.0
1674,07/12/2024,73.8,1720742400.0
1675,07/15/2024,74.89,1721001600.0
1676,07/16/2024,72.21,1721088000.0
1677,07/17/2024,75.22,1721174400.0
1678,07/18/2024,74.46,1721260800.0
1679,07/19/2024,74.66,1721347200.0
1680,07/22/2024,78.33,1721606400.0
1681,07/23/2024,77.14,1721692800.0
1682,07/24/2024,76.37,1721779200.0
1683,07/25/2024,75.06,1721865600.0
1684,07/26/2024,73.84,1721952000.0
1685,07/29/2024,74.39,1722211200.0
1686,07/30/2024,75.25,1722297600.0
1687,07/31/2024,79.55,1722384000.0
1688,08/01/2024,77.89,1722470400.0
1689,08/02/2024,75.11,1722556800.0
1690,08/05/2024,73.85,1722816000.0
1691,08/06/2024,73.92,1722902400.0
1692,08/07/2024,75.3,1722988800.0
1693,08/08/2024,75.07,1723075200.0
1694,08/09/2024,75.65,1723161600.0
1695,08/12/2024,76.53,1723420800.0
1696,08/13/2024,91.02,1723507200.0
1697,08/14/2024,95.39,1723593600.0
1698,08/15/2024,94.115,1723680000.0
1699,08/16/2024,93.355,1723766400.0
1700,08/19/2024,94.35,1724025600.0
1701,08/20/2024,92.29,1724112000.0
1702,08/21/2024,92.49,1724198400.0
1703,08/22/2024,92.67,1724284800.0
1704,08/23/2024,92.85,1724371200.0
1705,08/26/2024,94.2,1724630400.0
1706,08/27/2024,95.4,1724716800.0
1707,08/28/2024,98.22,1724803200.0
1708,08/29/2024,95.47,1724889600.0
1709,08/30/2024,94.99,1724976000.0
1710,09/03/2024,94.13,1725321600.0
1711,09/04/2024,93.37,1725408000.0
1712,09/05/2024,92.17,1725494400.0
1713,09/06/2024,91.5,1725580800.0
1714,09/09/2024,91.22,1725840000.0
1715,09/10/2024,92.12,1725926400.0
1716,09/11/2024,94.08,1726012800.0
1717,09/12/2024,98.46,1726099200.0
1718,09/13/2024,99.13,1726185600.0
1719,09/16/2024,98.52,1726444800.0
1720,09/17/2024,96.49,1726531200.0
1721,09/18/2024,95.55,1726617600.0
1722,09/19/2024,97.97,1726704000.0
1723,09/20/2024,96.85,1726790400.0
1724,09/23/2024,96.05,1727049600.0
1725,09/24/2024,95.47,1727136000.0
1726,09/25/2024,94.26,1727222400.0
1727,09/26/2024,98.5,1727308800.0
1728,09/27/2024,97.65,1727395200.0
1729,09/30/2024,97.39,1727654400.0
1730,10/01/2024,97.49,1727740800.0
1731,10/02/2024,96.83,1727827200.0
1732,10/03/2024,95.64,1727913600.0
1733,10/04/2024,96.17,1728000000.0
1734,10/07/2024,96.19,1728259200.0
1735,10/08/2024,96.05,1728345600.0
1736,10/09/2024,96.48,1728432000.0
1737,10/10/2024,95.42,1728518400.0
1738,10/11/2024,94.14,1728604800.0
1739,10/14/2024,95.41,1728864000.0
1740,10/15/2024,94.67,1728950400.0
1741,10/16/2024,95.45,1729036800.0
1742,10/17/2024,95.33,1729123200.0
1743,10/18/2024,95.68,1729209600.0
1744,10/21/2024,96.95,1729468800.0
1745,10/22/2024,96.35,1729555200.0
1746,10/23/2024,93.87,1729641600.0
1747,10/24/2024,97.69,1729728000.0
1748,10/25/2024,97.22,1729814400.0
1749,10/28/2024,97.65,1730073600.0
1750,10/29/2024,97.74,1730160000.0
1751,10/30/2024,97.37,1730246400.0
1752,10/31/2024,97.32,1730332800.0
1753,11/01/2024,97.6,1730419200.0
1754,11/04/2024,98.59,1730678400.0
1755,11/05/2024,96.86,1730764800.0
1756,11/06/2024,96.97,1730851200.0
1757,11/07/2024,96.06,1730937600.0
1758,11/08/2024,96.11,1731024000.0
1759,11/11/2024,98.0,1731283200.0
1760,11/12/2024,100.13,1731369600.0
1761,11/13/2024,97.35,1731456000.0
1762,11/14/2024,99.43,1731542400.0
1763,11/15/2024,99.1,1731628800.0
1764,11/18/2024,98.44,1731888000.0
1765,11/19/2024,99.79,1731974400.0
1766,11/20/2024,98.0,1732060800.0
1767,11/21/2024,99.5,1732147200.0
1768,11/22/2024,100.0,1732233600.0
1769,11/25/2024,102.93,1732492800.0
1770,11/26/2024,101.99,1732579200.0
1771,11/27/2024,100.75,1732665600.0
1772,11/29/2024,101.37,1732838400.0
1773,12/02/2024,102.0,1733097600.0
1774,12/03/2024,101.09,1733184000.0
1775,12/04/2024,100.89,1733270400.0
1776,12/05/2024,101.0,1733356800.0
1777,12/06/2024,98.93,1733443200.0
1778,12/09/2024,100.07,1733702400.0
1779,12/10/2024,99.14,1733788800.0
1780,12/11/2024,98.5,1733875200.0
1781,12/12/2024,98.22,1733961600.0
1782,12/13/2024,97.335,1734048000.0
1783,12/16/2024,96.945,1734307200.0
1784,12/17/2024,93.01,1734393600.0
1785,12/18/2024,91.77,1734480000.0
1786,12/19/2024,90.24,1734566400.0
1787,12/20/2024,87.86,1734652800.0
1788,12/23/2024,87.5,1734912000.0
1789,12/24/2024,87.4,1734998400.0
1790,12/26/2024,89.37,1735171200.0
1791,12/27/2024,90.9,1735257600.0
1792,12/30/2024,91.29,1735516800.0
1793,12/31/2024,90.73,1735603200.0
1794,01/02/2025,91.55,1735776000.0
1795,01/03/2025,92.4,1735862400.0
1796,01/06/2025,92.04,1736121600.0
1797,01/07/2025,92.78,1736208000.0
1798,01/08/2025,92.97,1736294400.0
1799,01/10/2025,92.19,1736467200.0
